Datetime,Water Level (m)
2025-11-17 12:00:00,-0.6525745
2025-11-17 13:00:00,-0.13852753
2025-11-17 14:00:00,0.2867315
2025-11-17 15:00:00,0.59381914
2025-11-17 16:00:00,0.773536
2025-11-17 17:00:00,0.7805127
2025-11-17 18:00:00,0.6220961
2025-11-17 19:00:00,0.29874876
2025-11-17 20:00:00,-0.043510463
2025-11-17 21:00:00,-0.2880789
2025-11-17 22:00:00,-0.4546557
2025-11-17 23:00:00,-0.5790667
2025-11-18 00:00:00,-0.6363088
2025-11-18 01:00:00,-0.40765855
2025-11-18 02:00:00,0.10617664
2025-11-18 03:00:00,0.4046989
2025-11-18 04:00:00,0.58638674
2025-11-18 05:00:00,0.5727227
2025-11-18 06:00:00,0.37605053
2025-11-18 07:00:00,0.0429335
2025-11-18 08:00:00,-0.25651067
2025-11-18 09:00:00,-0.4601773
2025-11-18 10:00:00,-0.61321294
2025-11-18 11:00:00,-0.72344977
2025-11-18 12:00:00,-0.76902264
2025-11-18 13:00:00,-0.48602638
2025-11-18 14:00:00,0.08670783
2025-11-18 15:00:00,0.4746037
2025-11-18 16:00:00,0.77602494
2025-11-18 17:00:00,0.8821853
2025-11-18 18:00:00,0.8002883
2025-11-18 19:00:00,0.53580415
2025-11-18 20:00:00,0.1643055
2025-11-18 21:00:00,-0.122385
2025-11-18 22:00:00,-0.3245133
2025-11-18 23:00:00,-0.47097844
2025-11-19 00:00:00,-0.5923543
2025-11-19 01:00:00,-0.61528337
2025-11-19 02:00:00,-0.23814999
2025-11-19 03:00:00,0.23545632
2025-11-19 04:00:00,0.507121
2025-11-19 05:00:00,0.6584956
2025-11-19 06:00:00,0.5711965
2025-11-19 07:00:00,0.28113356
2025-11-19 08:00:00,-0.08481787
2025-11-19 09:00:00,-0.3540002
2025-11-19 10:00:00,-0.5376453
2025-11-19 11:00:00,-0.6774023
2025-11-19 12:00:00,-0.7634349
2025-11-19 13:00:00,-0.71155745
2025-11-19 14:00:00,-0.17691314
2025-11-19 15:00:00,0.31211695
2025-11-19 16:00:00,0.6603202
2025-11-19 17:00:00,0.90506005
2025-11-19 18:00:00,0.9359309
2025-11-19 19:00:00,0.7728099
2025-11-19 20:00:00,0.4270952
2025-11-19 21:00:00,0.06704788
2025-11-19 22:00:00,-0.18679997
2025-11-19 23:00:00,-0.377125
2025-11-20 00:00:00,-0.51992136
2025-11-20 01:00:00,-0.6206407
2025-11-20 02:00:00,-0.52515477
2025-11-20 03:00:00,0.02122091
2025-11-20 04:00:00,0.37688133
2025-11-20 05:00:00,0.60485154
2025-11-20 06:00:00,0.64282435
2025-11-20 07:00:00,0.44520292
2025-11-20 08:00:00,0.08416474
2025-11-20 09:00:00,-0.2350509
2025-11-20 10:00:00,-0.45282954
2025-11-20 11:00:00,-0.611373
2025-11-20 12:00:00,-0.7304435
2025-11-20 13:00:00,-0.78757656
2025-11-20 14:00:00,-0.54236823
2025-11-20 15:00:00,0.056342404
2025-11-20 16:00:00,0.47224468
2025-11-20 17:00:00,0.8150798
2025-11-20 18:00:00,0.965561
2025-11-20 19:00:00,0.8941991
2025-11-20 20:00:00,0.616392
2025-11-20 21:00:00,0.22032306
2025-11-20 22:00:00,-0.085169524
2025-11-20 23:00:00,-0.30279648
2025-11-21 00:00:00,-0.46703365
2025-11-21 01:00:00,-0.59654677
2025-11-21 02:00:00,-0.64411026
2025-11-21 03:00:00,-0.34280914
2025-11-21 04:00:00,0.15816973
2025-11-21 05:00:00,0.45106125
2025-11-21 06:00:00,0.6229754
2025-11-21 07:00:00,0.5514973
2025-11-21 08:00:00,0.26149902
2025-11-21 09:00:00,-0.10876523
2025-11-21 10:00:00,-0.37566364
2025-11-21 11:00:00,-0.55942845
2025-11-21 12:00:00,-0.6993182
2025-11-21 13:00:00,-0.79234225
2025-11-21 14:00:00,-0.76685786
2025-11-21 15:00:00,-0.26572323
2025-11-21 16:00:00,0.24199939
2025-11-21 17:00:00,0.612904
2025-11-21 18:00:00,0.8955825
2025-11-21 19:00:00,0.9522833
2025-11-21 20:00:00,0.7810441
2025-11-21 21:00:00,0.4246701
2025-11-21 22:00:00,0.051976413
2025-11-21 23:00:00,-0.20560949
2025-11-22 00:00:00,-0.3944386
2025-11-22 01:00:00,-0.54393476
2025-11-22 02:00:00,-0.6478901
2025-11-22 03:00:00,-0.58424085
2025-11-22 04:00:00,-0.09838888
2025-11-22 05:00:00,0.27434996
2025-11-22 06:00:00,0.5076925
2025-11-22 07:00:00,0.5742939
2025-11-22 08:00:00,0.3893307
2025-11-22 09:00:00,0.038068403
2025-11-22 10:00:00,-0.28383923
2025-11-22 11:00:00,-0.4896803
2025-11-22 12:00:00,-0.6404616
2025-11-22 13:00:00,-0.7528256
2025-11-22 14:00:00,-0.8019973
2025-11-22 15:00:00,-0.5844013
2025-11-22 16:00:00,-0.014001687
2025-11-22 17:00:00,0.39317018
2025-11-22 18:00:00,0.73087156
2025-11-22 19:00:00,0.912744
2025-11-22 20:00:00,0.86644334
2025-11-22 21:00:00,0.60782164
2025-11-22 22:00:00,0.2141751
2025-11-22 23:00:00,-0.0944067
2025-11-23 00:00:00,-0.3118197
2025-11-23 01:00:00,-0.47326228
2025-11-23 02:00:00,-0.6033191
2025-11-23 03:00:00,-0.65223974
2025-11-23 04:00:00,-0.40119952
2025-11-23 05:00:00,0.057879873
2025-11-23 06:00:00,0.33486417
2025-11-23 07:00:00,0.49968782
2025-11-23 08:00:00,0.44875044
2025-11-23 09:00:00,0.19252038
2025-11-23 10:00:00,-0.15047319
2025-11-23 11:00:00,-0.3984915
2025-11-23 12:00:00,-0.57090276
